mock,module,file,question_count,size_bytes,sha256
1,MATHS1,MOCK_01_MATHS1_QA_ONLY.html,27,361257,bb0de5abaa2f265fc69927bc2d9175c2811ca5bb4da7613349b4fe9d973f6138
1,MATHS2,MOCK_01_MATHS2_QA_ONLY.html,27,140744,a93fa3d33223835236440b4d0714fd32c8cdf0fd159ade49e06590b74e46293b
1,PHYSICS,MOCK_01_PHYSICS_QA_ONLY.html,27,546417,ff5ad8e7eecffa2fdc90964f0697d0c931cb8bfddbcd72b25577beee586362ed
2,MATHS1,MOCK_02_MATHS1_QA_ONLY.html,27,269762,ee5a2d0b19e1265728e411fba0d7ca2d1e73c45c4a99e6820df3b8120c350f06
2,MATHS2,MOCK_02_MATHS2_QA_ONLY.html,27,195748,61ff2a470f352d23f5fe297a028739bafc202ddd29b39d7f6f92145a61813d13
2,PHYSICS,MOCK_02_PHYSICS_QA_ONLY.html,27,476052,fd170b1bbf1dacfaed05682fe398cb718e9ea2270f3b645f944a15cf560db15d
3,MATHS1,MOCK_03_MATHS1_QA_ONLY.html,27,481181,8097a94f37e93d2fc33b22819e073d81689e564ecaac7e049effc84f27f158bd
3,MATHS2,MOCK_03_MATHS2_QA_ONLY.html,27,233624,ebc22b0922cd7cefea2d8e08454569d8601099117580b2f619766f4afddea17b
3,PHYSICS,MOCK_03_PHYSICS_QA_ONLY.html,27,617750,f951b3f1627addf7b5b71f251a0f3860e541cae0f838c175f2826aed727d4e15
4,MATHS1,MOCK_04_MATHS1_QA_ONLY.html,27,315591,8d251eae1a255c358c982b56cc45545e828e2ef6068f024c854855da003524cb
4,MATHS2,MOCK_04_MATHS2_QA_ONLY.html,27,267162,35bb729e81c08555f00378cc7e0dd2255efe40debeb52be87cfef5a5e9224d5d
4,PHYSICS,MOCK_04_PHYSICS_QA_ONLY.html,27,774332,02bb035e22721a63392719d01f42e63d740306f0b4503d60f4f6b29eaf5d17ca
5,MATHS1,MOCK_05_MATHS1_QA_ONLY.html,27,411363,ac0ae1d17850e04d1a11d165e954bcac441b9cecc6d7500e3ed6cbfa1782dc4c
5,MATHS2,MOCK_05_MATHS2_QA_ONLY.html,27,206273,6c508909c64180792796755eb6a5d5abcaa2f62ee5288eaf281291356dfc5419
5,PHYSICS,MOCK_05_PHYSICS_QA_ONLY.html,27,511267,2a815bc52b4db3f79b9cb1b2fe23f80b1a19ceaa93f4a91f0b9b5a8b9ce9e3e3
6,MATHS1,MOCK_06_MATHS1_QA_ONLY.html,27,362662,49ff57aac17f7a0460a88c9c7817bbdba97d3f8bfaa14730c8953a0d63253157
6,MATHS2,MOCK_06_MATHS2_QA_ONLY.html,27,152378,a961dc2078b100a9b1d09a4850e6667e6c5f4713a353cf4e9cee8cd7ca1d8897
6,PHYSICS,MOCK_06_PHYSICS_QA_ONLY.html,27,623036,73863eb1b4dd9c78c2680519c80bdd6f37eca33f719649defa2dbb4a40b4588f
7,MATHS1,MOCK_07_MATHS1_QA_ONLY.html,27,390816,f46eca2020515597fb671324429fa9f5d75e412ea59dec3a9dc19ef2bc5c5c01
7,MATHS2,MOCK_07_MATHS2_QA_ONLY.html,27,223370,10006d9a99f6e792c563dd4ede3dc38ab18cf10730e17a998216757ffa672669
7,PHYSICS,MOCK_07_PHYSICS_QA_ONLY.html,27,556028,ec0cc929fbdc87a02f8ad2303921682f88e5eedc4b564f9bf9dbf5a222dbfd04
8,MATHS1,MOCK_08_MATHS1_QA_ONLY.html,27,349186,95145e89a871a0b20af4a6591bc318d50a232864aeed84fb1fce146db29f20cc
8,MATHS2,MOCK_08_MATHS2_QA_ONLY.html,27,279945,c8e8b14da93dff160ce36b9ed7e885792c088d2b2aa08d3d63f2b5911b891298
8,PHYSICS,MOCK_08_PHYSICS_QA_ONLY.html,27,622602,2bf52af3c8ce13898df2c68b5826732a314f16c54d64eb00f5bc8f8b0fa4f9db
9,MATHS1,MOCK_09_MATHS1_QA_ONLY.html,27,303931,3954f09f969b94fa63dd34ac6dba61ef906a57d5ae857a408f428682d09c6511
9,MATHS2,MOCK_09_MATHS2_QA_ONLY.html,27,256067,cbc78ea931ba2796a6300817137b38a8223bdb612ab1a681a8bacaa68de94152
9,PHYSICS,MOCK_09_PHYSICS_QA_ONLY.html,27,693201,bda7cfb49631a41fcd73ddf0c85bfe9f7a1ad1bc7fe1ed4b1cc9049ca3e66135
10,MATHS1,MOCK_10_MATHS1_QA_ONLY.html,27,361556,41e78549e9e0a1e67f787aa4d164ceac13499c60eca1bd998f5c20550343a374
10,MATHS2,MOCK_10_MATHS2_QA_ONLY.html,27,172515,ea1eb373c362a3154e119740a9ede81b264506a7239f6ed4a0a41974219644e4
10,PHYSICS,MOCK_10_PHYSICS_QA_ONLY.html,27,867693,77b238e454f2ea8dcb79cc5a37abdf773bee81b74cf08ba4d49a26d3e1864962
11,MATHS1,MOCK_11_MATHS1_QA_ONLY.html,27,387465,b53f68ddc53d7b8eab79997d74ae49cff3bae5fab959b56468a366cd50ef7f58
11,MATHS2,MOCK_11_MATHS2_QA_ONLY.html,27,239357,3a2a0c7f6e887e07d27f1fb3d5c20e95b878dbf021b84d0beb0ff645d0166362
11,PHYSICS,MOCK_11_PHYSICS_QA_ONLY.html,27,489889,9631cf28654024bb818be738f5bc6bde4d44f453164c3b79448513bc6300654e
12,MATHS1,MOCK_12_MATHS1_QA_ONLY.html,27,355421,1054f6f358d29a9fc090c82c4f5524a894249f36675a4cda40589dc37d0f755a
12,MATHS2,MOCK_12_MATHS2_QA_ONLY.html,27,135848,036c66bf8b537850e3f5158e154fb48db3196ee369e72253041515ee96e5e4c8
12,PHYSICS,MOCK_12_PHYSICS_QA_ONLY.html,27,528597,231b54602c2c60d34a9086b68261a7a3fee1692bd513273c34892d195cf1d6a7
13,MATHS1,MOCK_13_MATHS1_QA_ONLY.html,27,284105,6c0222d871f3b975b18592be6875fc4fe391505339a2eaed4fca5d7eed134a87
13,MATHS2,MOCK_13_MATHS2_QA_ONLY.html,27,311374,df9bf6481ce1f7702c76598b9d5f2a04b0ee80156e5d28d7bd7b8bee02a8f9ed
13,PHYSICS,MOCK_13_PHYSICS_QA_ONLY.html,27,546125,11c39e9e78f27dacb36c39bb22571635ffb094acc827c04b06dbd13a0ab66d46
14,MATHS1,MOCK_14_MATHS1_QA_ONLY.html,27,401718,8e013b1dabed81c8dc4efc4057e26f937382b4689bdc3f95d8bb5de5dca5a187
14,MATHS2,MOCK_14_MATHS2_QA_ONLY.html,27,248729,66817996addd4a6c761c91481bde65b2a9c03324ea530221113ac96a128a2ca2
14,PHYSICS,MOCK_14_PHYSICS_QA_ONLY.html,27,681217,16d9307d018cdd05eae0480930d02e82d79ef1d4879e132a36bb837ce9996c3c
15,MATHS1,MOCK_15_MATHS1_QA_ONLY.html,22,296925,f94f548303b723a269c26652cbc3f81e40d83b23d1ac45ee33118559f888932d
15,MATHS2,MOCK_15_MATHS2_QA_ONLY.html,22,236630,d88ec57f6d7400a2bc398f8968e0b19b13732283efdcb6d1ed4c4ac54aa8fea7
15,PHYSICS,MOCK_15_PHYSICS_QA_ONLY.html,22,466887,94a69c1348382a9f5e0bca7999d4258dac2b51b1d7ff2f6dd011f688969e9372